objectID,isHighlight,accessionNumber,accessionYear,isPublicDomain,primaryImage,primaryImageSmall,additionalImages,constituents,department,objectName,title,culture,period,dynasty,reign,portfolio,artistRole,artistPrefix,artistDisplayName,artistDisplayBio,artistSuffix,artistAlphaSort,artistNationality,artistBeginDate,artistEndDate,artistGender,artistWikidata_URL,artistULAN_URL,objectDate,objectBeginDate,objectEndDate,medium,dimensions,measurements,creditLine,geographyType,city,state,county,country,region,subregion,locale,locus,excavation,river,classification,rightsAndReproduction,linkResource,metadataDate,repository,objectURL,tags,objectWikidata_URL,isTimelineWork,GalleryNumber
224243,False,36.90.1151,1936,True,https://images.metmuseum.org/CRDImages/es/original/119258.jpg,https://images.metmuseum.org/CRDImages/es/web-large/119258.jpg,[],,European Sculpture and Decorative Arts,Piece,Woven silk,,,,,,,,,,,,,,,,,,late 17th century,1685,1699,Silk and cotton,L. 17 1/2 x W. 10 1/4 inches (44.5 x 26.0 cm),,"Gift of The United Piece Dye Works, 1936",,,,,,,,,,,,Textiles-Woven,,,2020-03-02T21:50:01.377Z,"Metropolitan Museum of Art, New York, NY",https://www.metmuseum.org/art/collection/search/224243,,,False,
747759,False,1991.1073.41(16),1991,False,,,[],"[{'constituentID': 87325, 'role': 'Designer', 'name': 'Designed by Emile-Allain Séguy', 'constituentULAN_URL': '(not assigned)', 'constituentWikidata_URL': 'https://www.wikidata.org/wiki/Q53506477', 'gender': ''}, {'constituentID': 84175, 'role': 'Publisher', 'name': 'Published by Tolmer Editeur', 'constituentULAN_URL': '', 'constituentWikidata_URL': '', 'gender': ''}]",Drawings and Prints,Book Print Ornament & Archcitecture,"Papillons, Pl. 16",,,,,,Designer,Designed by,Emile-Allain Séguy,"French, 1877–1951",,"Séguy, Emile-Allain",French,1877,1951,,https://www.wikidata.org/wiki/Q53506477,(not assigned),[ca. 1920–29],1920,1929,Lithograph and pochoir,"Sheet: 17 9/16 × 12 1/2 in. (44.6 × 31.8 cm)
Album: 18 1/8 × 13 1/8 × 9/16 in. (46 × 33.4 × 1.5 cm)","[{'elementName': 'Overall', 'elementDescription': 'Album', 'elementMeasurements': {'Depth': 1.5, 'Height': 46, 'Width': 33.4}}, {'elementName': 'Sheet', 'elementDescription': None, 'elementMeasurements': {'Height': 44.6, 'Width': 31.8}}]","Rogers Fund, 1925, transferred from the Library",,,,,,,,,,,,Books,,,2025-03-06T04:54:30Z,"Metropolitan Museum of Art, New York, NY",https://www.metmuseum.org/art/collection/search/747759,"[{'term': 'Butterflies', 'AAT_URL': 'http://vocab.getty.edu/page/aat/300417320', 'Wikidata_URL': 'https://www.wikidata.org/wiki/Q11946202'}]",,False,
446398,False,13.190.109,1913,True,https://images.metmuseum.org/CRDImages/is/original/sf13-190-109a.jpg,https://images.metmuseum.org/CRDImages/is/web-large/sf13-190-109a.jpg,[],,Islamic Art,Ceramic fragment,Fragment of a Bowl,,,,,,,,,,,,,,,,,,14th–15th century,1300,1499,Earthenware; slip-painted under yellowish glaze,,,"Rogers Fund, 1913",Attributed to,,,,Egypt,,,,,,,Ceramics,,,2025-01-30T04:54:21.21Z,"Metropolitan Museum of Art, New York, NY",https://www.metmuseum.org/art/collection/search/446398,,,False,
904443,False,21.91.218,1921,False,,,[],"[{'constituentID': 164550, 'role': 'Artist', 'name': 'Jean Pillement', 'constituentULAN_URL': 'http://vocab.getty.edu/page/ulan/500022719', 'constituentWikidata_URL': 'https://www.wikidata.org/wiki/Q374713', 'gender': ''}, {'constituentID': 77264, 'role': 'Engraver', 'name': 'Jean Jacques Avril, the Elder', 'constituentULAN_URL': 'http://vocab.getty.edu/page/ulan/500050414', 'constituentWikidata_URL': 'https://www.wikidata.org/wiki/Q5562825', 'gender': ''}]",Drawings and Prints,Print,"Plate 5 from ""Cahier de douzes Barques et Chariots Chinois""",,,,,Cahier de douzes Barques et Chariots Chinois,Artist,,Jean Pillement,"French, Lyons 1728–1808 Lyons",,"Pillement, Jean",French,1728,1808,,https://www.wikidata.org/wiki/Q374713,http://vocab.getty.edu/page/ulan/500022719,1773,1768,1778,Etching,"Plate: 9 7/16 × 6 5/16 in. (24 × 16 cm)
Sheet (Trimmed): 12 1/16 × 8 11/16 in. (30.7 × 22 cm)","[{'elementName': 'Sheet', 'elementDescription': 'Trimmed', 'elementMeasurements': {'Height': 30.7, 'Width': 22}}, {'elementName': 'Plate', 'elementDescription': None, 'elementMeasurements': {'Height': 24, 'Width': 16}}]","Rogers Fund, 1921",,,,,,,,,,,,Prints,,,2024-06-27T04:54:21.257Z,"Metropolitan Museum of Art, New York, NY",https://www.metmuseum.org/art/collection/search/904443,,,False,
405321,False,41.71.1.8(16),1941,False,,,[],"[{'constituentID': 162255, 'role': 'Artist', 'name': 'Giovanni Battista Piranesi', 'constituentULAN_URL': 'http://vocab.getty.edu/page/ulan/500114965', 'constituentWikidata_URL': 'https://www.wikidata.org/wiki/Q316307', 'gender': ''}]",Drawings and Prints,Print,"Ancient Roman forum surrounded by porticoes, with loggias, some of which communicate with the Imperial Palace and others with the prisons..., plate 14 from ""Prima Parte di Architettura, e Prospettive"" (Part one of Architecture and Perspectives)",,,,,"Prima Parte di Architettura, e Prospettive inventate, ed incise da Giambatista Piranesi Architetto Veneziano fra gli Arcadi Salcindio Tiseio",Artist,,Giovanni Battista Piranesi,"Italian, Mogliano Veneto 1720–1778 Rome",,"Piranesi, Giovanni Battista",Italian,1720,1778,,https://www.wikidata.org/wiki/Q316307,http://vocab.getty.edu/page/ulan/500114965,printed 1800–09,1800,1809,Etching; third state of four (Robison),"Sheet: 21 5/8 x 15 3/4 in. (55 x 40 cm)
Plate: 15 3/4 x 9 15/16 in. (40 x 25.3 cm)","[{'elementName': 'Sheet', 'elementDescription': None, 'elementMeasurements': {'Height': 55, 'Width': 40}}, {'elementName': 'Plate', 'elementDescription': None, 'elementMeasurements': {'Height': 40, 'Width': 25.3}}]","Rogers Fund, transferred from the Library",,,,,,,,,,,,Prints,,,2023-06-28T04:56:22.387Z,"Metropolitan Museum of Art, New York, NY",https://www.metmuseum.org/art/collection/search/405321,,,False,
68437,False,22.100.33,1922,True,https://images.metmuseum.org/CRDImages/as/original/50616.jpg,https://images.metmuseum.org/CRDImages/as/web-large/50616.jpg,[],,Asian Art,Kang Rug,Kang Rug,China,Qing dynasty (1644–1911),,,,,,,,,,,,,,,,19th century,1800,1899,Foundation: cotton warp and weft;  wool knotting,51 x 27 in. (129.54 x 68.58 cm),"[{'elementName': 'Overall', 'elementDescription': None, 'elementMeasurements': {'Height': 129.54, 'Width': 68.58}}]","The James F. Ballard Collection, Gift of James F. Ballard, 1922",,,,,,,,,,,,Textiles-Rugs,,,2025-09-24T04:50:58.447Z,"Metropolitan Museum of Art, New York, NY",https://www.metmuseum.org/art/collection/search/68437,,,False,
753178,False,"2011.604.3.1715a, b",2011,True,https://images.metmuseum.org/CRDImages/gr/original/DVB12480_1_ff.jpg,https://images.metmuseum.org/CRDImages/gr/web-large/DVB12480_1_ff.jpg,['https://images.metmuseum.org/CRDImages/gr/original/DVB12480_2_ff.jpg'],,Greek and Roman Art,Kylikes fragments,Terracotta rim fragments of kylikes: Band cups (drinking cups),"Greek, Attic",Archaic,,,,,,,,,,,,,,,,third quarter of the 6th century BCE,-680,-450,Terracotta,,,"Gift of Dietrich von Bothmer, Distinguished Research Curator, Greek and Roman Art, 2011",,,,,,,,,,,,Vases,,,2025-03-06T04:54:30Z,"Metropolitan Museum of Art, New York, NY",https://www.metmuseum.org/art/collection/search/753178,,,False,
741337,False,48.101.1820,1948,True,https://images.metmuseum.org/CRDImages/is/original/LC-N1518-back.jpg,https://images.metmuseum.org/CRDImages/is/web-large/LC-N1518-back.jpg,['https://images.metmuseum.org/CRDImages/is/original/LC-N1518-front.jpg'],,Islamic Art,Fragment,Stucco Fragment,,,,,,,,,,,,,,,,,,probably 8th–12th century,800,1300,"Stucco; carved, painted",L 5.5 x W 3.5 x H 1.5,,"Rogers Fund, 1948",Excavated in,Nishapur,,,Iran,,,,,,,Stucco,,,2025-01-30T04:54:21.21Z,"Metropolitan Museum of Art, New York, NY",https://www.metmuseum.org/art/collection/search/741337,,,False,
207818,False,1990.92.2,1990,True,https://images.metmuseum.org/CRDImages/es/original/DP-17090-092.jpg,https://images.metmuseum.org/CRDImages/es/web-large/DP-17090-092.jpg,[],"[{'constituentID': 166058, 'role': 'Maker', 'name': 'James Dixon &amp; Sons', 'constituentULAN_URL': 'http://vocab.getty.edu/page/ulan/500460811', 'constituentWikidata_URL': 'https://www.wikidata.org/wiki/Q6132656', 'gender': ''}]",European Sculpture and Decorative Arts,Teapot,Teapot,,,,,,Maker,,James Dixon & Sons,"British, founded Sheffield, 1806",,"Dixon, James & Sons",British,1806,9999,,https://www.wikidata.org/wiki/Q6132656,http://vocab.getty.edu/page/ulan/500460811,ca. 1842–51,1837,1856,Britannia metal; bone,Overall: 5 × 9 7/8 × 5 1/2 in. (12.7 × 25.1 × 14 cm),"[{'elementName': 'Overall', 'elementDescription': None, 'elementMeasurements': {'Depth': 13.970028, 'Height': 12.700026, 'Width': 25.08255}}]","Bequest of Delight L. Sherwin, 1990",,,,,,,,,,,,Metalwork-Base Metal,,,2025-01-31T04:54:36.6Z,"Metropolitan Museum of Art, New York, NY",https://www.metmuseum.org/art/collection/search/207818,,,False,
23652,False,32.75.583,1932,True,https://images.metmuseum.org/CRDImages/aa/original/LC-32_75_583-001.jpg,https://images.metmuseum.org/CRDImages/aa/web-large/LC-32_75_583-001.jpg,[],,Arms and Armor,Arrowhead (<i>Yanone</i>),Arrowhead (<i>Yanone</i>),Japanese,,,,,,,,,,,,,,,,,18th century,1701,1800,Steel,L. 11 7/8 in. (30.2 cm); L. of head 3 15/16 in. (10 cm); W. 1 7/16 in. (3.7 cm); Wt. 2 oz. (56.7 g),,"The Collection of Giovanni P. Morosini, presented by his daughter Giulia, 1932",Country of Origin,,,,Japan,,,,,,,Archery Equipment-Arrowheads,,,2025-03-06T04:54:30Z,"Metropolitan Museum of Art, New York, NY",https://www.metmuseum.org/art/collection/search/23652,,,False,
310842,False,1978.412.413,1978,False,,,[],"[{'constituentID': 233171, 'role': 'Artist', 'name': 'Aduma or Mbete-Kota artist', 'constituentULAN_URL': '', 'constituentWikidata_URL': '', 'gender': ''}]",The Michael C. Rockefeller Wing,Mask,Mvudi (mask),Aduma peoples,,,,,Artist,,Aduma or Mbete-Kota artist,,,Aduma or Mbete-Kota artist,,,,,,,19th–first half of 20th century,1800,1950,"Wood, pigment, kaolin",H. 14 5/8 × W. 5 1/2 × D. 6 1/4 in. (37.1 × 14 × 15.9 cm),"[{'elementName': 'Overall', 'elementDescription': None, 'elementMeasurements': {'Depth': 15.875031, 'Height': 37.147575, 'Width': 13.970028}}]","The Michael C. Rockefeller Memorial Collection, Gift of the Matthew T. Mellon Foundation, 1960",,,,,Gabon or Republic of Congo,,,,,,,Wood-Sculpture,,,2025-06-16T15:24:05.89Z,"Metropolitan Museum of Art, New York, NY",https://www.metmuseum.org/art/collection/search/310842,"[{'term': 'Faces', 'AAT_URL': 'http://vocab.getty.edu/page/aat/300251798', 'Wikidata_URL': 'https://www.wikidata.org/wiki/Q37017'}]",,False,344
503681,False,"2003.379a, b",2003,True,https://images.metmuseum.org/CRDImages/mi/original/DT200635.jpg,https://images.metmuseum.org/CRDImages/mi/web-large/DT200635.jpg,['https://images.metmuseum.org/CRDImages/mi/original/271923.jpg'],,Musical Instruments,Accordion,Accordion,British,,,,,,,,,,,,,,,,,ca. 1835,1800,1850,"Mahogany, tortoiseshell, paper, leather",Overall: 33 x 7.6 x 9.2cm (13 x 3 x 3 5/8in.),"[{'elementName': 'Overall', 'elementDescription': None, 'elementMeasurements': {'Depth': 9.2075, 'Height': 33.0201, 'Width': 7.62}}]","Purchase, Robert Alonzo Lehman Bequest, 2003",,London,England,,United Kingdom,,,,,,,Aerophone-Free Reed-concertina / accordion,,,2025-01-31T04:54:36.6Z,"Metropolitan Museum of Art, New York, NY",https://www.metmuseum.org/art/collection/search/503681,,,False,
122016,False,C.I.38.23.387,1938,True,https://images.metmuseum.org/CRDImages/ci/original/CI38.23.387.jpg,https://images.metmuseum.org/CRDImages/ci/web-large/CI38.23.387.jpg,[],,Costume Institute,Cravat,Cravat,European,,,,,,,,,,,,,,,,,1880s,1880,1889,[no medium available],,,"Gift of Lee Simonson, 1938",,,,,,,,,,,,,,,2025-03-06T04:54:30Z,"Metropolitan Museum of Art, New York, NY",https://www.metmuseum.org/art/collection/search/122016,,,False,
930494,False,1991.1259.1,1991,False,,,[],"[{'constituentID': 233738, 'role': 'Artist', 'name': 'Abigail Rorer', 'constituentULAN_URL': '', 'constituentWikidata_URL': '', 'gender': ''}]",Drawings and Prints,Print,The Collector,,,,,,Artist,,Abigail Rorer,"American, born Norristown, Pennsylvania 1949",,"Rorer, Abigail",American,1949,,,,,1980,1975,1985,Engraving,"Image: 2 3/8 × 2 3/4 in. (6 × 7 cm)
Sheet: 5 5/16 × 5 11/16 in. (13.5 × 14.5 cm)","[{'elementName': 'Sheet', 'elementDescription': None, 'elementMeasurements': {'Height': 13.5, 'Width': 14.5}}, {'elementName': 'Image', 'elementDescription': None, 'elementMeasurements': {'Height': 6, 'Width': 7}}]","Gift of Elizabeth M. Riley, 1991",,,,,,,,,,,,Prints,,,2025-08-13T04:48:28.07Z,"Metropolitan Museum of Art, New York, NY",https://www.metmuseum.org/art/collection/search/930494,,,False,
629260,False,23.112.2134,1923,False,,,[],"[{'constituentID': 165171, 'role': 'Manufacturer', 'name': 'Brewster &amp; Co.', 'constituentULAN_URL': '', 'constituentWikidata_URL': '', 'gender': ''}]",Drawings and Prints,Drawing,Rockaway #20722,,,,,,Manufacturer,,Brewster & Co.,"American, New York",,Brewster & Co.,American,,,,,,1895,1895,1895,Graphite,Sheet: 20 in. × 12 3/8 in. (50.8 × 31.4 cm),"[{'elementName': 'Sheet', 'elementDescription': None, 'elementMeasurements': {'Height': 50.800102, 'Width': 31.432564}}]","Gift of William Brewster, 1923",,,,,,,,,,,,Drawings,,,2024-07-23T04:52:45.517Z,"Metropolitan Museum of Art, New York, NY",https://www.metmuseum.org/art/collection/search/629260,,,False,
337423,False,66.618.3,1966,True,https://images.metmuseum.org/CRDImages/dp/original/DP801122.jpg,https://images.metmuseum.org/CRDImages/dp/web-large/DP801122.jpg,['https://images.metmuseum.org/CRDImages/dp/original/DP801123.jpg'],"[{'constituentID': 166029, 'role': 'Artist', 'name': 'Abraham Bloemaert', 'constituentULAN_URL': 'http://vocab.getty.edu/page/ulan/500007342', 'constituentWikidata_URL': 'https://www.wikidata.org/wiki/Q329811', 'gender': ''}]",Drawings and Prints,Drawing,"Saint Paul Seated, with his Conversion in the Background (recto); Figure Sketch (verso)",,,,,,Artist,,Abraham Bloemaert,"Netherlandish, Gorinchem 1566–1651 Utrecht",,"Bloemaert, Abraham",Netherlandish,1566,1651,,https://www.wikidata.org/wiki/Q329811,http://vocab.getty.edu/page/ulan/500007342,late 16th–mid-17th century,1580,1651,"Black chalk, brush and brown and gray wash, red chalk, heightened with white gouache; incised for transfer (?); framing line in pen and black ink",9 5/16 x 6 1/2 in. (23.7 x 16.5 cm),"[{'elementName': 'Overall', 'elementDescription': None, 'elementMeasurements': {'Height': 23.7, 'Width': 16.5}}]","Rogers Fund, 1966",,,,,,,,,,,,Drawings,,,2025-03-06T04:54:30Z,"Metropolitan Museum of Art, New York, NY",https://www.metmuseum.org/art/collection/search/337423,"[{'term': 'Saint Paul', 'AAT_URL': 'http://vocab.getty.edu/page/ia/901001058', 'Wikidata_URL': 'https://www.wikidata.org/wiki/Q9200'}]",,False,
786050,False,50.602.1370,1950,False,,,[],"[{'constituentID': 161861, 'role': 'Artist', 'name': 'Auguste Edouart', 'constituentULAN_URL': 'http://vocab.getty.edu/page/ulan/500119964', 'constituentWikidata_URL': 'https://www.wikidata.org/wiki/Q2870949', 'gender': ''}]",Drawings and Prints,Cut paper; drawing,A Creek Indian seated smoking a peace pipe,,,,,,Artist,,Auguste Edouart,"French, 1789–1861",,"Edouart, Auguste",French,1789,1861,,https://www.wikidata.org/wiki/Q2870949,http://vocab.getty.edu/page/ulan/500119964,ca. 1830–50,1825,1855,"Cut paper silhouette, pen and ink, brush and brown wash, and white chalk","Image: 8 1/16 × 8 5/8 in. (20.5 × 21.9 cm)
Sheet: 13 1/2 × 10 3/8 in. (34.3 × 26.4 cm)","[{'elementName': 'Sheet', 'elementDescription': None, 'elementMeasurements': {'Height': 34.3, 'Width': 26.4}}, {'elementName': 'Image', 'elementDescription': None, 'elementMeasurements': {'Height': 20.5, 'Width': 21.9}}]","Glenn Tilley Morse Collection, Bequest of Glenn Tilley Morse, 1950",,,,,,,,,,,,Cut Paper,,,2022-02-09T04:42:08.947Z,"Metropolitan Museum of Art, New York, NY",https://www.metmuseum.org/art/collection/search/786050,,,False,
77259,False,1978.531.13,1978,False,,,[],,Asian Art,Shard,Shard,Korea,Goryeo dynasty (918–1392),,,,,,,,,,,,,,,,12th century,1100,1199,Pottery,"Largest shard: H. 3 in. (7.6 cm); Diam. 5 3/8 in. (13.7 cm)
Smallest shard: H. 1 in. (2.5 cm)","[{'elementName': 'Overall', 'elementDescription': 'CSR Survey', 'elementMeasurements': {'Depth': 4.8260098, 'Height': 1.2700025, 'Weight': 0.028352708, 'Width': 7.874016}}]","Gift of John and Betty Menke, 1978",,,,,,,,,,,,Ceramics,,,2020-04-02T14:22:10.83Z,"Metropolitan Museum of Art, New York, NY",https://www.metmuseum.org/art/collection/search/77259,,,False,
405505,False,63.350.215.171.277,1963,True,https://images.metmuseum.org/CRDImages/dp/original/DP846827.jpg,https://images.metmuseum.org/CRDImages/dp/web-large/DP846827.jpg,[],"[{'constituentID': 163285, 'role': 'Publisher', 'name': 'Issued by Goodwin &amp; Company', 'constituentULAN_URL': '(not assigned)', 'constituentWikidata_URL': 'https://www.wikidata.org/wiki/Q5583666', 'gender': ''}]",Drawings and Prints,Photograph,"Miss Dashwood, from the Actors and Actresses series (N171) for Old Judge Cigarettes",,,,,,Publisher,Issued by,Goodwin & Company,,,Goodwin & Company,,1850,1950,,https://www.wikidata.org/wiki/Q5583666,(not assigned),1886–90,1886,1890,Albumen photograph,sheet: 2 11/16 x 1 3/8 in. (6.9 x 3.5 cm),"[{'elementName': 'Sheet', 'elementDescription': None, 'elementMeasurements': {'Height': 6.9, 'Width': 3.5}}]","The Jefferson R. Burdick Collection, Gift of Jefferson R. Burdick",,,,,,,,,,,,Photographs,,,2025-03-06T04:54:30Z,"Metropolitan Museum of Art, New York, NY",https://www.metmuseum.org/art/collection/search/405505,"[{'term': 'Portraits', 'AAT_URL': 'http://vocab.getty.edu/page/aat/300015637', 'Wikidata_URL': 'https://www.wikidata.org/wiki/Q134307'}, {'term': 'Women', 'AAT_URL': 'http://vocab.getty.edu/page/aat/300025943', 'Wikidata_URL': 'https://www.wikidata.org/wiki/Q467'}, {'term': 'Actresses', 'AAT_URL': 'http://vocab.getty.edu/page/aat/300025658', 'Wikidata_URL': 'https://www.wikidata.org/wiki/Q21169216'}]",,False,
214342,False,08.161.3,1908,True,https://images.metmuseum.org/CRDImages/es/original/166803.jpg,https://images.metmuseum.org/CRDImages/es/web-large/166803.jpg,['https://images.metmuseum.org/CRDImages/es/original/4163.jpg'],,European Sculpture and Decorative Arts,Piece,Piece,,,,,,,,,,,,,,,,,,ca. 1720 (?),1715,1725,"Silk, linen and metal thread",L. 61 1/2 x 22 inches (loom width) (156.2 x 55.9 cm),"[{'elementName': 'Overall', 'elementDescription': None, 'elementMeasurements': {'Height': 156.2, 'Width': 55.9}}]","Rogers Fund, 1908",,,,,,,,,,,,Textiles-Woven,,,2025-01-31T04:54:36.6Z,"Metropolitan Museum of Art, New York, NY",https://www.metmuseum.org/art/collection/search/214342,,,False,
378996,False,23.112.920,1923,True,https://images.metmuseum.org/CRDImages/dp/original/DP881541.jpg,https://images.metmuseum.org/CRDImages/dp/web-large/DP881541.jpg,[],"[{'constituentID': 165171, 'role': 'Manufacturer', 'name': 'Brewster &amp; Co.', 'constituentULAN_URL': '', 'constituentWikidata_URL': '', 'gender': ''}]",Drawings and Prints,Drawing,"Design for Pony Phaeton, no. 3782",,,,,,Manufacturer,,Brewster & Co.,"American, New York",,Brewster & Co.,American,,,,,,1882,1882,1882,"Pen and black ink, watercolor and gouache with gum arabic",Sheet: 6 15/16 x 9 in. (17.6 x 22.9 cm),"[{'elementName': 'Sheet', 'elementDescription': None, 'elementMeasurements': {'Height': 17.621284, 'Width': 22.860046}}]","Gift of William Brewster, 1923",,,,,,,,,,,,Drawings,,,2025-03-06T04:54:30Z,"Metropolitan Museum of Art, New York, NY",https://www.metmuseum.org/art/collection/search/378996,"[{'term': 'Carriages', 'AAT_URL': 'http://vocab.getty.edu/page/aat/300185335', 'Wikidata_URL': 'https://www.wikidata.org/wiki/Q235356'}]",,False,
719793,False,1981.1055.54,1981,False,,,[],"[{'constituentID': 106204, 'role': 'Artist', 'name': 'Robert Bryer', 'constituentULAN_URL': '', 'constituentWikidata_URL': '', 'gender': ''}]",Drawings and Prints,Drawing Ornament & Architecture,Textile Design with Black-and-White Scrolling Motifs with Rosettes Over a Red Background,,,,,,Artist,,Robert Bryer,"American, 20th century",,"Bryer, Robert",American,1900,1980,,,,ca. 1940–50,1935,1955,Gouache over graphite,"Image: 6 1/8 × 5 7/8 in. (15.6 × 15 cm)
Sheet: 12 in. × 10 1/4 in. (30.5 × 26.1 cm)","[{'elementName': 'Sheet', 'elementDescription': None, 'elementMeasurements': {'Height': 30.5, 'Width': 26.1}}, {'elementName': 'Image', 'elementDescription': None, 'elementMeasurements': {'Height': 15.6, 'Width': 15}}]","Gift of Stephen Perlow, 1981",,,,,,,,,,,,Drawings,,,2022-11-02T04:54:43.4Z,"Metropolitan Museum of Art, New York, NY",https://www.metmuseum.org/art/collection/search/719793,,,False,
771787,False,2018.502.1,2018,False,,,[],"[{'constituentID': 202053, 'role': 'Artist', 'name': 'Alfredo Camisa', 'constituentULAN_URL': '(not assigned)', 'constituentWikidata_URL': 'https://www.wikidata.org/wiki/Q3611358', 'gender': ''}]",Photographs,,"La mattina dopo il Carnevale in Galleria, Napoli",,,,,,Artist,,Alfredo Camisa,"Italian, Bologna 1927–2007 Pescia",,"Camisa, Alfredo",Italian,1927-09-01,2007-08-07,,https://www.wikidata.org/wiki/Q3611358,(not assigned),1957,1957,1957,Gelatin silver print,Image: 11 5/8 × 9 3/16 in. (29.5 × 23.4 cm),"[{'elementName': 'Image', 'elementDescription': None, 'elementMeasurements': {'Height': 29.5, 'Width': 23.4}}]","Gift of Collezione Bertero, 2018",,,,,,,,,,,,Photographs,© Alfredo Camisa Photography Archive,,2021-06-05T04:45:37.2Z,"Metropolitan Museum of Art, New York, NY",https://www.metmuseum.org/art/collection/search/771787,,,False,
587037,False,30.3.28.9,1930,True,https://images.metmuseum.org/CRDImages/eg/original/LC-30_3_28_9_EGDP027274.jpg,https://images.metmuseum.org/CRDImages/eg/web-large/LC-30_3_28_9_EGDP027274.jpg,['https://images.metmuseum.org/CRDImages/eg/original/LC-30_3_28_9_EGDP027275.jpg'],,Egyptian Art,"Shabti, Nauny",Worker Shabti of Nauny,,Third Intermediate Period,Dynasty 21,reign of Psusennes I,,,,,,,,,,,,,,ca. 1050 B.C.,-1050,-1050,Faience,H. 8.5 × W. 2.9 × D. 2.2 cm (8.5 × 2.9 × 2.2 cm),"[{'elementName': 'Overall', 'elementDescription': None, 'elementMeasurements': {'Depth': 2.2, 'Height': 8.5, 'Width': 2.9}}]","Rogers Fund, 1930",From,,,,Egypt,"Upper Egypt, Thebes",Deir el-Bahri,"Tomb of Meritamun (TT 358, MMA 65)","first corridor, burial of Nauny","MMA excavations, 1928–29",,,,,2025-03-06T04:54:30Z,"Metropolitan Museum of Art, New York, NY",https://www.metmuseum.org/art/collection/search/587037,,https://www.wikidata.org/wiki/Q116443554,False,126
404780,False,32.35(14),1932,True,https://images.metmuseum.org/CRDImages/dp/original/DP827047.jpg,https://images.metmuseum.org/CRDImages/dp/web-large/DP827047.jpg,[],"[{'constituentID': 165083, 'role': 'Artist and engraver', 'name': 'William Hogarth', 'constituentULAN_URL': 'http://vocab.getty.edu/page/ulan/500004242', 'constituentWikidata_URL': 'https://www.wikidata.org/wiki/Q171344', 'gender': ''}, {'constituentID': 98772, 'role': 'Engraver', 'name': 'Charles Mosley', 'constituentULAN_URL': 'http://vocab.getty.edu/page/ulan/500016209', 'constituentWikidata_URL': 'https://www.wikidata.org/wiki/Q18730082', 'gender': ''}]",Drawings and Prints,Print,O the Roast Beef of Old England--The Gate of Calais,,,,,,Artist and engraver,,William Hogarth,"British, London 1697–1764 London",,"Hogarth, William",British,1697,1764,,https://www.wikidata.org/wiki/Q171344,http://vocab.getty.edu/page/ulan/500004242,"March 6, 1749",1749,1749,Etching and engraving; second state of two,sheet: 15 1/16 x 18 1/8 in. (38.2 x 46 cm),"[{'elementName': 'Sheet', 'elementDescription': None, 'elementMeasurements': {'Height': 38.2, 'Width': 46}}]","Harris Brisbane Dick Fund, 1932",,,,,,,,,,,,Prints,,,2025-03-06T04:54:30Z,"Metropolitan Museum of Art, New York, NY",https://www.metmuseum.org/art/collection/search/404780,"[{'term': 'Food', 'AAT_URL': 'http://vocab.getty.edu/page/aat/300254496', 'Wikidata_URL': 'https://www.wikidata.org/wiki/Q2095'}, {'term': 'Architecture', 'AAT_URL': 'http://vocab.getty.edu/page/aat/300263552', 'Wikidata_URL': 'https://www.wikidata.org/wiki/Q12271'}, {'term': 'Gates', 'AAT_URL': 'http://vocab.getty.edu/page/aat/300002916', 'Wikidata_URL': 'https://www.wikidata.org/wiki/Q53060'}, {'term': 'Towns', 'AAT_URL': 'http://vocab.getty.edu/page/aat/300008375', 'Wikidata_URL': 'https://www.wikidata.org/wiki/Q3957'}, {'term': 'Soldiers', 'AAT_URL': 'http://vocab.getty.edu/page/aat/300185678', 'Wikidata_URL': 'https://www.wikidata.org/wiki/Q4991371'}, {'term': 'Vegetables', 'AAT_URL': 'http://vocab.getty.edu/page/aat/300380162', 'Wikidata_URL': 'https://www.wikidata.org/wiki/Q11004'}, {'term': 'Men', 'AAT_URL': 'http://vocab.getty.edu/page/aat/300025928', 'Wikidata_URL': 'https://www.wikidata.org/wiki/Q8441'}, {'term': 'Fish', 'AAT_URL': 'http://vocab.getty.edu/page/aat/300266085', 'Wikidata_URL': 'https://www.wikidata.org/wiki/Q152'}, {'term': 'Cauldrons', 'AAT_URL': 'http://vocab.getty.edu/page/aat/300196395', 'Wikidata_URL': 'https://www.wikidata.org/wiki/Q1317634'}, {'term': 'Baskets', 'AAT_URL': 'http://vocab.getty.edu/page/aat/300194498', 'Wikidata_URL': 'https://www.wikidata.org/wiki/Q201097'}, {'term': 'Clergy', 'AAT_URL': 'http://vocab.getty.edu/page/aat/300025747', 'Wikidata_URL': 'https://www.wikidata.org/wiki/Q177826'}]",,False,
27322,False,16.57.13,1916,False,,,[],,Arms and Armor,Saddle pad,Saddle Pad,Japanese,,,,,,,,,,,,,,,,,18th century,1701,1800,"textile, leather",18 in. x 13 in. (45.7 x 33 cm).,,"Gift of Howard Mansfield, 1916",Country of Origin,,,,Japan,,,,,,,Equestrian Equipment-Saddles,,,2021-01-21T04:41:46.21Z,"Metropolitan Museum of Art, New York, NY",https://www.metmuseum.org/art/collection/search/27322,,,False,
43251,False,50.145.123,1950,True,https://images.metmuseum.org/CRDImages/as/original/DP-20765-001.jpg,https://images.metmuseum.org/CRDImages/as/web-large/DP-20765-001.jpg,['https://images.metmuseum.org/CRDImages/as/original/DP-20765-002.jpg'],,Asian Art,Figure,Horse and monkey,China,Ming dynasty (1368–1644),,,,,,,,,,,,,,,,17th century,1600,1699,Jade,H. 5 in. (12.7 cm); W. 3 in. (7.6 cm); D. 2 in. (5.1 cm),"[{'elementName': 'Overall', 'elementDescription': None, 'elementMeasurements': {'Depth': 5.08001, 'Height': 12.700026, 'Width': 7.620015}}]","Bequest of Mary Stillman Harkness, 1950",,,,,,,,,,,,Hardstone,,,2025-03-06T04:54:30Z,"Metropolitan Museum of Art, New York, NY",https://www.metmuseum.org/art/collection/search/43251,"[{'term': 'Horses', 'AAT_URL': 'http://vocab.getty.edu/page/aat/300250148', 'Wikidata_URL': 'https://www.wikidata.org/wiki/Q726'}, {'term': 'Monkeys', 'AAT_URL': 'http://vocab.getty.edu/page/aat/300250028', 'Wikidata_URL': 'https://www.wikidata.org/wiki/Q1367'}]",,False,
359633,False,1983.1123.13,1983,True,https://images.metmuseum.org/CRDImages/dp/original/DT7654.jpg,https://images.metmuseum.org/CRDImages/dp/web-large/DT7654.jpg,['https://images.metmuseum.org/CRDImages/dp/original/270804.jpg'],"[{'constituentID': 90014, 'role': 'Artist', 'name': 'Therèse Éléonore (Hemery) Lingée', 'constituentULAN_URL': 'http://vocab.getty.edu/page/ulan/500115688', 'constituentWikidata_URL': 'https://www.wikidata.org/wiki/Q18508692', 'gender': 'Female'}, {'constituentID': 165551, 'role': 'Artist', 'name': 'After Jean-Baptiste Greuze', 'constituentULAN_URL': 'http://vocab.getty.edu/page/ulan/500000119', 'constituentWikidata_URL': 'https://www.wikidata.org/wiki/Q347139', 'gender': ''}]",Drawings and Prints,Print,"Study, Head of a Boy",,,,,,Artist,,Therèse Éléonore (Hemery) Lingée,"French, Paris 1753–after 1820",,"Lingée, Therèse Éléonore (Hemery)",French,1753,1820,Female,https://www.wikidata.org/wiki/Q18508692,http://vocab.getty.edu/page/ulan/500115688,ca. 1777,1772,1782,"Crayon manner, printed in red ink",sheet: 15 13/16 x 12 11/16 in. (40.2 x 32.2 cm) (irregularly cut within platemark),"[{'elementName': 'Sheet', 'elementDescription': None, 'elementMeasurements': {'Height': 40.1638, 'Width': 32.2263}}]","Gift of Mr. and Mrs. Stuart P. Feld, 1983",,,,,,,,,,,,Prints,,,2025-05-22T04:50:13.743Z,"Metropolitan Museum of Art, New York, NY",https://www.metmuseum.org/art/collection/search/359633,"[{'term': 'Heads', 'AAT_URL': 'http://vocab.getty.edu/page/aat/300375054', 'Wikidata_URL': 'https://www.wikidata.org/wiki/Q3409626'}, {'term': 'Boys', 'AAT_URL': 'http://vocab.getty.edu/page/aat/300247598', 'Wikidata_URL': 'https://www.wikidata.org/wiki/Q3010'}]",https://www.wikidata.org/wiki/Q96184810,False,
671272,False,2011.604.1.1198,2011,True,https://images.metmuseum.org/CRDImages/gr/original/DVB01153_1_ff.jpg,https://images.metmuseum.org/CRDImages/gr/web-large/DVB01153_1_ff.jpg,['https://images.metmuseum.org/CRDImages/gr/original/DVB01153_2_ff.jpg'],,Greek and Roman Art,Kylix fragment,Terracotta rim fragment of a kylix (drinking cup),"Greek, Attic",Archaic,,,,,,,,,,,,,,,,500–480 BCE,-500,-450,Terracotta,,,"Gift of Dietrich von Bothmer, Distinguished Research Curator, Greek and Roman Art, 2011",,,,,,,,,,,,Vases,,,2025-03-06T04:54:30Z,"Metropolitan Museum of Art, New York, NY",https://www.metmuseum.org/art/collection/search/671272,,,False,
450731,False,46.156.13,1946,True,https://images.metmuseum.org/CRDImages/is/original/DP242060.jpg,https://images.metmuseum.org/CRDImages/is/web-large/DP242060.jpg,['https://images.metmuseum.org/CRDImages/is/original/137334.jpg'],,Islamic Art,Fragment,Ribbon Lattice with Pinecone (?),,,,,,,,,,,,,,,,,,8th–9th century,750,899,Silk; samit weave,"Textiles:
               H. 9 3/4 in. (24.8 cm)
               W. 9 3/8 in. (23.8 cm)
Mount: 
              H. 13 in. (33 cm)
              W. 13 1/2 in. (34.3 cm)
              D. 1 3/4 in. (4.4 cm)","[{'elementName': 'Overall', 'elementDescription': None, 'elementMeasurements': {'Height': 24.765049, 'Width': 23.812548}}, {'elementName': 'Mount', 'elementDescription': None, 'elementMeasurements': {'Depth': 4.4450088, 'Height': 33.020065, 'Width': 34.29007}}]","Fletcher Fund, 1946",Attributed to,,,,Egypt,,,,,,,Textiles-Woven,,,2025-09-11T04:51:48.18Z,"Metropolitan Museum of Art, New York, NY",https://www.metmuseum.org/art/collection/search/450731,"[{'term': 'Pinecones', 'AAT_URL': None, 'Wikidata_URL': 'https://www.wikidata.org/wiki/Q22710'}]",,False,
632244,False,44.1.16,1944,False,,,[],"[{'constituentID': 175424, 'role': 'Artist', 'name': 'Francisco Desiderio', 'constituentULAN_URL': '', 'constituentWikidata_URL': '', 'gender': ''}]",Drawings and Prints,Print,"Seascape with a tree in the foreground at right, from a set of eighteen marine landscapes",,,,,,Artist,,Francisco Desiderio,"Italian, active early 17th century",,"Desiderio, Francisco",Italian,1600,1650,,,,early 17th century,1600,1650,Woodcut,Sheet: 2 1/2 × 4 13/16 in. (6.4 × 12.2 cm),"[{'elementName': 'Sheet', 'elementDescription': None, 'elementMeasurements': {'Height': 6.4, 'Width': 12.2}}]","Harris Brisbane Dick Fund, 1944",,,,,,,,,,,,Prints,,,2020-03-02T21:50:01.377Z,"Metropolitan Museum of Art, New York, NY",https://www.metmuseum.org/art/collection/search/632244,,,False,
384921,False,51.639.18,1951,True,https://images.metmuseum.org/CRDImages/dp/original/DP812416.jpg,https://images.metmuseum.org/CRDImages/dp/web-large/DP812416.jpg,[],"[{'constituentID': 78120, 'role': 'Artist', 'name': 'Giulio Bonasone', 'constituentULAN_URL': 'http://vocab.getty.edu/page/ulan/500004569', 'constituentWikidata_URL': 'https://www.wikidata.org/wiki/Q1527962', 'gender': ''}, {'constituentID': 162228, 'role': 'Artist', 'name': 'After Perino del Vaga (Pietro Buonaccorsi)', 'constituentULAN_URL': 'http://vocab.getty.edu/page/ulan/500000030', 'constituentWikidata_URL': 'https://www.wikidata.org/wiki/Q918778', 'gender': ''}]",Drawings and Prints,Print,"St Paul overcoming the viper, within an architectual setting, an oval composition",,,,,,Artist,,Giulio Bonasone,"Italian, active Rome and Bologna, 1531–after 1576",,"Bonasone, Giulio",Italian,1510,1576,,https://www.wikidata.org/wiki/Q1527962,http://vocab.getty.edu/page/ulan/500004569,ca. 1540–70,1535,1545,Engraving,Sheet: 9 7/16 in. × 6 in. (24 × 15.2 cm),"[{'elementName': 'Sheet', 'elementDescription': None, 'elementMeasurements': {'Height': 24, 'Width': 15.2}}]","The Elisha Whittelsey Collection, The Elisha Whittelsey Fund, 1951",,,,,,,,,,,,Prints,,,2025-03-06T04:54:30Z,"Metropolitan Museum of Art, New York, NY",https://www.metmuseum.org/art/collection/search/384921,"[{'term': 'Saint Paul', 'AAT_URL': 'http://vocab.getty.edu/page/ia/901001058', 'Wikidata_URL': 'https://www.wikidata.org/wiki/Q9200'}]",,False,
443189,False,89.2.240,1889,True,https://images.metmuseum.org/CRDImages/is/original/sf89-2-240.jpg,https://images.metmuseum.org/CRDImages/is/web-large/sf89-2-240.jpg,[],,Islamic Art,Coin weight,Coin Weight,,,,,,,,,,,,,,,,,,dated 401 AH/1010–11 CE,1000,1036,Glass; stamped,"H. 1/4 in. (0.6 cm)
Diam. 1 5/16 in. (3.3 cm)
Wt. 0.3 oz. (8.5 g)","[{'elementName': 'Overall', 'elementDescription': None, 'elementMeasurements': {'Diameter': 3.3337567, 'Height': 0.63500124, 'Weight': 0.008505812}}]","Gift of Joseph W. Drexel, 1889",Country of Origin,,,,Egypt,,,,,,,Glass,,,2025-01-30T04:54:21.21Z,"Metropolitan Museum of Art, New York, NY",https://www.metmuseum.org/art/collection/search/443189,,,False,
10627,False,58.21.61,1958,False,,,[],"[{'constituentID': 161812, 'role': 'Artist', 'name': 'Arthur B. Davies', 'constituentULAN_URL': 'http://vocab.getty.edu/page/ulan/500013464', 'constituentWikidata_URL': 'https://www.wikidata.org/wiki/Q708502', 'gender': ''}]",The American Wing,Drawing,Across the Valley,American,,,,,Artist,,Arthur B. Davies,"American, Utica, New York 1862–1928 Florence",,"Davies, Arthur B.",American,1862,1928,,https://www.wikidata.org/wiki/Q708502,http://vocab.getty.edu/page/ulan/500013464,,1862,1928,Pastel on bright blue Japanese paper,7 7/16 x 10 5/8 in. (18.9 x 27 cm),"[{'elementName': 'Overall', 'elementDescription': None, 'elementMeasurements': {'Height': 18.9, 'Width': 26.9876}}]","Gift of A. W. Bahr, 1958",,,,,,,,,,,,,,,2025-01-30T04:54:21.21Z,"Metropolitan Museum of Art, New York, NY",https://www.metmuseum.org/art/collection/search/10627,"[{'term': 'Landscapes', 'AAT_URL': 'http://vocab.getty.edu/page/aat/300132294', 'Wikidata_URL': 'https://www.wikidata.org/wiki/Q191163'}]",,False,
923321,False,63.699.156,1963,False,,,[],"[{'constituentID': 55887, 'role': 'Artist', 'name': 'Levon West', 'constituentULAN_URL': '', 'constituentWikidata_URL': '', 'gender': ''}]",Drawings and Prints,Drawing,The Sealyham,,,,,,Artist,,Levon West,"American, Centerville, South Dakota 1900–1968 New York",,"West, Levon",American,1900,1968,,,,ca. 1925–63,1920,1963,Graphite,Sheet: 14 1/2 × 21 1/4 in. (36.8 × 54 cm),"[{'elementName': 'Sheet', 'elementDescription': None, 'elementMeasurements': {'Height': 36.8, 'Width': 54}}]","Gift of Levon West, 1963",,,,,,,,,,,,Drawings,,,2025-02-14T11:00:26.297Z,"Metropolitan Museum of Art, New York, NY",https://www.metmuseum.org/art/collection/search/923321,,,False,
728759,False,2011.604.2.249a–c,2011,True,https://images.metmuseum.org/CRDImages/gr/original/DVB08855_1_ff.jpg,https://images.metmuseum.org/CRDImages/gr/web-large/DVB08855_1_ff.jpg,['https://images.metmuseum.org/CRDImages/gr/original/DVB08855_2_ff.jpg'],,Greek and Roman Art,Stamnos fragments,Terracotta fragments of a stamnos (jar),"Greek, Attic",Archaic/Early Classical,,,,,,,,,,,,,,,,first quarter of the 5th century BCE,-530,-400,Terracotta,,,"Gift of Dietrich von Bothmer, Distinguished Research Curator, Greek and Roman Art, 2011",,,,,,,,,,,,Vases,,,2025-03-06T04:54:30Z,"Metropolitan Museum of Art, New York, NY",https://www.metmuseum.org/art/collection/search/728759,,,False,
353207,False,1973.592.1,1973,False,,,[],"[{'constituentID': 84282, 'role': 'Author', 'name': 'Winifred M. Letts', 'constituentULAN_URL': '', 'constituentWikidata_URL': '', 'gender': ''}, {'constituentID': 97205, 'role': 'Author', 'name': 'M. F. S. Letts', 'constituentULAN_URL': '', 'constituentWikidata_URL': '', 'gender': ''}, {'constituentID': 84284, 'role': 'Illustrator', 'name': 'Stephen Reid', 'constituentULAN_URL': '', 'constituentWikidata_URL': '', 'gender': ''}, {'constituentID': 84283, 'role': 'Publisher', 'name': 'Wells Gardner, Darton &amp; Co., Ltd.', 'constituentULAN_URL': '', 'constituentWikidata_URL': '', 'gender': ''}]",Drawings and Prints,Book,Helmet & Cowl; Stories of Monastic and Military Orders,,,,,,Author,,Winifred M. Letts,"British, 1882–1972",,"Letts, Winifred M.",British,1882,1972,,,,1913,1913,1913,"Illustrations: woodcut, photomechanical process",10 7/8 x 9 x 1 1/16 in. (27.6 x 22.9 x 2.7 cm),"[{'elementName': 'Overall', 'elementDescription': None, 'elementMeasurements': {'Depth': 2.6988, 'Height': 27.6226, 'Width': 22.86}}]","The Elisha Whittelsey Collection, The Elisha Whittelsey Fund, 1973",,,,,,,,,,,,Books,,,2024-01-12T04:57:11.49Z,"Metropolitan Museum of Art, New York, NY",https://www.metmuseum.org/art/collection/search/353207,,,False,
486999,False,"1997.519a, b",1997,False,,,[],"[{'constituentID': 161626, 'role': 'Artist', 'name': 'Jean Arp', 'constituentULAN_URL': 'http://vocab.getty.edu/page/ulan/500031000', 'constituentWikidata_URL': 'https://www.wikidata.org/wiki/Q153739', 'gender': ''}]",Modern and Contemporary Art,Sculpture,Fruit Agressif,,,,,,Artist,,Jean Arp,"French (born Germany), Strasbourg 1886–1966 Basel",,"Arp, Jean","French, born Germany",1886,1966,,https://www.wikidata.org/wiki/Q153739,http://vocab.getty.edu/page/ulan/500031000,1965–66,1965,1966,Marble,"32 1/2 × 20 1/2 × 10 1/4 in., 235 lb. (82.6 × 52.1 × 26 cm, 106.6 kg)","[{'elementName': 'Overall', 'elementDescription': None, 'elementMeasurements': {'Depth': 26.035051, 'Height': 82.55016, 'Weight': 106.5953, 'Width': 52.070103}}, {'elementName': 'Overall', 'elementDescription': 'a', 'elementMeasurements': {'Depth': 26.035051, 'Height': 69.85014, 'Weight': 69.400345, 'Width': 52.070103}}, {'elementName': 'Other', 'elementDescription': 'b', 'elementMeasurements': {'Depth': 23.971298, 'Height': 12.541275, 'Weight': 37.194958, 'Width': 44.76759}}]","Anonymous Gift, 1997",,,,,,,,,,,,Sculpture,"© 2025 Artists Rights Society (ARS), New York",,2025-08-26T04:50:45.617Z,"Metropolitan Museum of Art, New York, NY",https://www.metmuseum.org/art/collection/search/486999,"[{'term': 'Abstraction', 'AAT_URL': 'http://vocab.getty.edu/page/aat/300056508', 'Wikidata_URL': 'https://www.wikidata.org/wiki/Q162150'}]",,False,
414259,False,53.600.1011,1953,True,https://images.metmuseum.org/CRDImages/dp/original/DP826771.jpg,https://images.metmuseum.org/CRDImages/dp/web-large/DP826771.jpg,['https://images.metmuseum.org/CRDImages/dp/original/DP826922.jpg'],"[{'constituentID': 165445, 'role': 'Artist', 'name': 'Jacques Gabriel Huquier', 'constituentULAN_URL': 'http://vocab.getty.edu/page/ulan/500005322', 'constituentWikidata_URL': 'https://www.wikidata.org/wiki/Q6134408', 'gender': ''}, {'constituentID': 161703, 'role': 'Artist', 'name': 'After François Boucher', 'constituentULAN_URL': 'http://vocab.getty.edu/page/ulan/500032143', 'constituentWikidata_URL': 'https://www.wikidata.org/wiki/Q180932', 'gender': ''}, {'constituentID': 77668, 'role': 'Artist', 'name': 'Chez Huquier', 'constituentULAN_URL': '', 'constituentWikidata_URL': '', 'gender': ''}]",Drawings and Prints,Collection Ornament & Architecture,"L'audience de l'Empereur chinois (The audience of the Chinese Emperor), from Chinoiseries",,,,,Chinoiseries,Artist,,Jacques Gabriel Huquier,"French, Paris 1730–1805 Shrewsbury",,"Huquier, Jacques Gabriel",French,1730,1805,,https://www.wikidata.org/wiki/Q6134408,http://vocab.getty.edu/page/ulan/500005322,after 1743,1743,1800,Etching and engraving,Sheet: 16 9/16 x 25 3/8 in. (42 x 64.5 cm),"[{'elementName': 'Sheet', 'elementDescription': None, 'elementMeasurements': {'Height': 42, 'Width': 64.5}}]","Harris Brisbane Dick Fund, 1953",Printed,Paris,,,France,,,,,,,Prints,,,2025-03-06T04:54:30Z,"Metropolitan Museum of Art, New York, NY",https://www.metmuseum.org/art/collection/search/414259,"[{'term': 'Chinoiserie', 'AAT_URL': 'http://vocab.getty.edu/page/aat/300021167', 'Wikidata_URL': 'https://www.wikidata.org/wiki/Q863679'}, {'term': 'Emperors', 'AAT_URL': 'http://vocab.getty.edu/page/aat/300025480', 'Wikidata_URL': 'https://www.wikidata.org/wiki/Q39018'}, {'term': 'Men', 'AAT_URL': 'http://vocab.getty.edu/page/aat/300025928', 'Wikidata_URL': 'https://www.wikidata.org/wiki/Q8441'}, {'term': 'Women', 'AAT_URL': 'http://vocab.getty.edu/page/aat/300025943', 'Wikidata_URL': 'https://www.wikidata.org/wiki/Q467'}]",,False,
686847,False,2011.604.1.2461,2011,True,https://images.metmuseum.org/CRDImages/gr/original/DVB02364_1_ff.jpg,https://images.metmuseum.org/CRDImages/gr/web-large/DVB02364_1_ff.jpg,['https://images.metmuseum.org/CRDImages/gr/original/DVB02364_2_ff.jpg'],,Greek and Roman Art,Kylix fragment,Terracotta fragment of a kylix (drinking cup),"Greek, Attic",Archaic,,,,,,,,,,,,,,,,520–500 BCE,-500,-450,Terracotta,,,"Gift of Dietrich von Bothmer, Distinguished Research Curator, Greek and Roman Art, 2011",,,,,,,,,,,,Vases,,,2025-03-06T04:54:30Z,"Metropolitan Museum of Art, New York, NY",https://www.metmuseum.org/art/collection/search/686847,,,False,
314324,False,1983.603.3,1983,False,,,[],,The Michael C. Rockefeller Wing,Slit gong,Slit Gong-Rasp,"Yoruba peoples, Ekiti group",,,,,,,,,,,,,,,,,19th–20th century,1800,2000,Wood,H x W x D: 36 3/4 x 6 7/8 x 7 1/4in. (93.3 x 17.5 x 18.4cm),"[{'elementName': 'Overall', 'elementDescription': None, 'elementMeasurements': {'Depth': 18.42, 'Height': 93.345, 'Width': 17.48}}]","Gift of Martin L. Schulman, M.D., 1983",,,,,Nigeria,,,,,,,Wood-Musical Instruments,,,2020-09-16T18:35:19.457Z,"Metropolitan Museum of Art, New York, NY",https://www.metmuseum.org/art/collection/search/314324,"[{'term': 'Musical Instruments', 'AAT_URL': 'http://vocab.getty.edu/page/aat/300041620', 'Wikidata_URL': 'https://www.wikidata.org/wiki/Q34379'}, {'term': 'Heads', 'AAT_URL': 'http://vocab.getty.edu/page/aat/300375054', 'Wikidata_URL': 'https://www.wikidata.org/wiki/Q3409626'}]",,False,
785328,False,63.350.244.88-4.54,1963,False,,,[],"[{'constituentID': 203648, 'role': 'Artist', 'name': 'Tad Dorgan', 'constituentULAN_URL': 'http://vocab.getty.edu/page/ulan/500123824', 'constituentWikidata_URL': 'https://www.wikidata.org/wiki/Q7674223', 'gender': ''}, {'constituentID': 175376, 'role': 'Publisher', 'name': 'Issued by Kinney Brothers Tobacco Company', 'constituentULAN_URL': '', 'constituentWikidata_URL': '', 'gender': ''}]",Drawings and Prints,Print; ephemera,"Yes, I'm Holding My Own, from the ""Mutt and Jeff"" series (T88),  issued with Sweet Caporal Cigarettes by Kinney Brothers Tobacco Company",,,,,,Artist,,Tad Dorgan,"American, San Francisco 1877–1929 Great Neck, New York",,"Dorgan, Tad",American,1877,1929,,https://www.wikidata.org/wiki/Q7674223,http://vocab.getty.edu/page/ulan/500123824,ca. 1910,1905,1915,Commercial color lithograph,Sheet: 2 3/4 × 1 1/2 in. (7 × 3.8 cm),"[{'elementName': 'Sheet', 'elementDescription': None, 'elementMeasurements': {'Height': 7, 'Width': 3.8}}]","The Jefferson R. Burdick Collection, Gift of Jefferson R. Burdick",,,,,,,,,,,,Prints,,,2025-10-02T04:53:22.577Z,"Metropolitan Museum of Art, New York, NY",https://www.metmuseum.org/art/collection/search/785328,,,False,
324448,False,55.137.9,1955,True,https://images.metmuseum.org/CRDImages/an/original/DP-29648-001.jpg,https://images.metmuseum.org/CRDImages/an/web-large/DP-29648-001.jpg,"['https://images.metmuseum.org/CRDImages/an/original/DP-29648-004.jpg', 'https://images.metmuseum.org/CRDImages/an/original/DP-29648-003.jpg', 'https://images.metmuseum.org/CRDImages/an/original/DP-29648-002.jpg']",,Ancient Near Eastern Art,Axe or mace,Axe or mace head,Hattian,Early Bronze Age III,,,,,,,,,,,,,,,,ca. 2300–2000 BCE,-2300,-2000,Bronze,3 x 2.75 in. (7.62 x 6.99 cm),"[{'elementName': 'Overall', 'elementDescription': None, 'elementMeasurements': {'Height': 7.62, 'Width': 6.99}}]","Purchase, Joseph Pulitzer Bequest, 1955",,,,,,Central Anatolia,,,,,,,,,2025-01-29T04:54:03.16Z,"Metropolitan Museum of Art, New York, NY",https://www.metmuseum.org/art/collection/search/324448,,,False,
66494,False,96.14.770,1896,True,https://images.metmuseum.org/CRDImages/as/original/DP12246.jpg,https://images.metmuseum.org/CRDImages/as/web-large/DP12246.jpg,[],,Asian Art,Piece,Piece,Japan,,,,,,,,,,,,,,,,,18th–19th century,1700,1899,Silk,4 x 4 1/4 in. (10.16 x 10.80 cm),"[{'elementName': 'Overall', 'elementDescription': None, 'elementMeasurements': {'Height': 10.16, 'Width': 10.795}}]","Gift of Mr. and Mrs. H. O. Havemeyer, 1896",,,,,,,,,,,,Textiles-Woven,,,2025-03-06T04:54:30Z,"Metropolitan Museum of Art, New York, NY",https://www.metmuseum.org/art/collection/search/66494,,,False,
260857,False,1973.588.6,1973,False,,,[],"[{'constituentID': 56086, 'role': 'Artist', 'name': 'Nevill Johnson', 'constituentULAN_URL': 'http://vocab.getty.edu/page/ulan/500007998', 'constituentWikidata_URL': 'https://www.wikidata.org/wiki/Q21460409', 'gender': ''}]",Photographs,Photograph,Figures at Door,,,,,,Artist,,Nevill Johnson,"Irish, 1911–1999",,"Johnson, Nevill",Irish,1911,1999,,https://www.wikidata.org/wiki/Q21460409,http://vocab.getty.edu/page/ulan/500007998,1952–53,1952,1953,Gelatin silver print,,,"Elisha Whittelsey Collection, Elisha Whittelsey Fund, 1973",,,,,,,,,,,,Photographs,,,2020-11-14T04:40:04.457Z,"Metropolitan Museum of Art, New York, NY",https://www.metmuseum.org/art/collection/search/260857,,,False,
33985,False,29.158.911,1929,False,,,[],,Arms and Armor,Part of Shoe,Part of Shoe,possibly British,,,,,,,,,,,,,,,,,possibly late 16th–17th century,1525,1725,Leather,L. 8 3/4 in. (22.2 cm),,"Bashford Dean Memorial Collection, Funds from various donors, 1929",Country of Origin,,,,possibly England,,,,,,,Miscellaneous-Leatherwork,,,2020-03-02T21:50:01.377Z,"Metropolitan Museum of Art, New York, NY",https://www.metmuseum.org/art/collection/search/33985,,,False,
245664,False,91.1.1276,1891,True,https://images.metmuseum.org/CRDImages/gr/original/LC-91_1_1276-1.jpg,https://images.metmuseum.org/CRDImages/gr/web-large/LC-91_1_1276-1.jpg,[],,Greek and Roman Art,Perfume bottle,Glass perfume bottle,Roman,Imperial,,,,,,,,,,,,,,,,late 1st–3rd century CE,80,299,Glass,H.: 4 7/8 in. (12.4 cm),"[{'elementName': 'Height', 'elementDescription': None, 'elementMeasurements': {'Height': 12.4}}]","Edward C. Moore Collection, Bequest of Edward C. Moore, 1891",,,,,,,,,,,,Glass,,,2025-03-06T04:54:30Z,"Metropolitan Museum of Art, New York, NY",https://www.metmuseum.org/art/collection/search/245664,,,False,
255046,False,59.48.26,1959,False,,,[],,Greek and Roman Art,"Statuette of a doll, right leg","Statuette of a doll, right leg",Greek,,,,,,,,,,,,,,,,,6th–4th century BCE,-599,-300,Terracotta,H.: 1 1/2 in. (3.8 cm),"[{'elementName': 'Height', 'elementDescription': None, 'elementMeasurements': {'Height': 3.8100076}}]","Gift of Ernest Brummer, 1959",,,,,,,,,,,,Terracottas,,,2022-11-30T04:47:42.047Z,"Metropolitan Museum of Art, New York, NY",https://www.metmuseum.org/art/collection/search/255046,,,False,
310,False,1972.50.6,1972,False,,,[],"[{'constituentID': 162493, 'role': 'Maker', 'name': 'Louis Henry Sullivan', 'constituentULAN_URL': 'http://vocab.getty.edu/page/ulan/500013453', 'constituentWikidata_URL': 'https://www.wikidata.org/wiki/Q243240', 'gender': ''}, {'constituentID': 178034, 'role': 'Maker', 'name': 'Dankmar Adler', 'constituentULAN_URL': 'http://vocab.getty.edu/page/ulan/500000517', 'constituentWikidata_URL': 'https://www.wikidata.org/wiki/Q76573', 'gender': ''}]",The American Wing,Baluster,"Baluster from the Chicago Stock Exchange Building, Chicago",American,,,,,Maker,,Louis Henry Sullivan,"American, Boston, Massachusetts 1856–1924 Chicago, Illinois",,"Sullivan, Louis Henry",American,1856,1924,,https://www.wikidata.org/wiki/Q243240,http://vocab.getty.edu/page/ulan/500013453,1893,1893,1893,Copper-plated cast iron,31 3/4 x 10 7/8 x 1 1/8 in. (80.6 x 27.6 x 2.9 cm),"[{'elementName': 'Overall', 'elementDescription': None, 'elementMeasurements': {'Depth': 2.9, 'Height': 80.6, 'Width': 27.6226}}]","Purchase, Emily Crane Chadbourne Bequest and Mr. and Mrs. James Biddle Gift, by exchange, 1972",Made in,Chicago,Illinois,,United States,Midwest,,,,,,,,,2021-04-06T04:41:04.967Z,"Metropolitan Museum of Art, New York, NY",https://www.metmuseum.org/art/collection/search/310,,,False,
